<?xml version="1.0"?>
<doc>
    <assembly>
        <name>Nancy.ViewEngines.Razor.BuildProviders</name>
    </assembly>
    <members>
        <member name="M:Nancy.ViewEngines.Razor.BuildProviders.NancyCSharpRazorBuildProvider.#ctor">
            <summary>
            Initializes a new instance of the <see cref="T:Nancy.ViewEngines.Razor.BuildProviders.NancyCSharpRazorBuildProvider"/> class.
            </summary>
        </member>
        <member name="M:Nancy.ViewEngines.Razor.BuildProviders.NancyCSharpRazorBuildProvider.GenerateCode(System.Web.Compilation.AssemblyBuilder)">
            <summary>
            Generates source code for the virtual path of the build provider, and adds the source code to a specified assembly builder.
            </summary>
            <param name="assemblyBuilder">The assembly builder that references the source code generated by the build provider.</param>
        </member>
        <member name="M:Nancy.ViewEngines.Razor.BuildProviders.NancyCSharpRazorBuildProvider.GetGeneratedType(System.CodeDom.Compiler.CompilerResults)">
            <summary>
            Returns a type generated by the build provider from the virtual path.
            </summary>
            <returns>The type that is generated by the build provider for the virtual path. The base class returns null.</returns>
            <param name="results">The compilation results for the build provider's virtual path.</param>
        </member>
        <member name="P:Nancy.ViewEngines.Razor.BuildProviders.NancyCSharpRazorBuildProvider.CodeCompilerType">
            <summary>
            Represents the compiler type used by a build provider to generate source code for a custom file type.
            </summary>
            <returns>A read-only <see cref="T:System.Web.Compilation.CompilerType"/> representing the code generator, code compiler, and compiler settings used to build source code for the virtual path. The base class returns null.</returns>
        </member>
        <member name="M:Nancy.ViewEngines.Razor.BuildProviders.NancyVisualBasicRazorBuildProvider.#ctor">
            <summary>
            Initializes a new instance of the <see cref="T:Nancy.ViewEngines.Razor.BuildProviders.NancyCSharpRazorBuildProvider"/> class.
            </summary>
        </member>
        <member name="M:Nancy.ViewEngines.Razor.BuildProviders.NancyVisualBasicRazorBuildProvider.GenerateCode(System.Web.Compilation.AssemblyBuilder)">
            <summary>
            Generates source code for the virtual path of the build provider, and adds the source code to a specified assembly builder.
            </summary>
            <param name="assemblyBuilder">The assembly builder that references the source code generated by the build provider.</param>
        </member>
        <member name="M:Nancy.ViewEngines.Razor.BuildProviders.NancyVisualBasicRazorBuildProvider.GetGeneratedType(System.CodeDom.Compiler.CompilerResults)">
            <summary>
            Returns a type generated by the build provider from the virtual path.
            </summary>
            <returns>The type that is generated by the build provider for the virtual path. The base class returns null.</returns>
            <param name="results">The compilation results for the build provider's virtual path.</param>
        </member>
        <member name="P:Nancy.ViewEngines.Razor.BuildProviders.NancyVisualBasicRazorBuildProvider.CodeCompilerType">
            <summary>
            Represents the compiler type used by a build provider to generate source code for a custom file type.
            </summary>
            <returns>A read-only <see cref="T:System.Web.Compilation.CompilerType"/> representing the code generator, code compiler, and compiler settings used to build source code for the virtual path. The base class returns null.</returns>
        </member>
    </members>
</doc>
