<?xml version="1.0" encoding="utf-8"?>
<AdminDeploymentCustomizations xmlns:xsi="http://www.w3.org/2001/XMLSchema-instance" xmlns:xsd="http://www.w3.org/2001/XMLSchema" xmlns="http://schemas.microsoft.com/wix/2011/AdminDeployment">
  <BundleCustomizations TargetDir="C:\Program Files (x86)\Microsoft Visual Studio 14.0" NoCacheOnlyMode="default" NoWeb="default" NoRefresh="default" SuppressRefreshPrompt="default" Feed="default" />
  <SelectableItemCustomizations>
    <SelectableItemCustomization Id="VSUV3RTMV1" Hidden="no" Selected="yes" FriendlyName="Visual Studio 2015 Update 3" />
    <SelectableItemCustomization Id="MicroUpdateV3.4" Selected="yes" FriendlyName="Update for Microsoft Visual Studio 2015 (KB3165756)" />
    <SelectableItemCustomization Id="NativeLanguageSupport_VCV1" Hidden="no" Selected="yes" FriendlyName="Common Tools for Visual C++ 2015" />
    <SelectableItemCustomization Id="NativeLanguageSupport_XPV1" Hidden="no" Selected="yes" FriendlyName="Windows XP Support for C++" />
    <SelectableItemCustomization Id="Win81SDK_HiddenV1" Hidden="no" Selected="yes" FriendlyName="Windows 8.1 SDK and Universal CRT SDK" />
    <SelectableItemCustomization Id="WebToolsV1" Hidden="no" Selected="yes" FriendlyName="Microsoft Web Developer Tools" />
    <SelectableItemCustomization Id="PowerShellToolsV1" Hidden="no" Selected="yes" FriendlyName="PowerShell Tools for Visual Studio" />
    <SelectableItemCustomization Id="Windows10_ToolsAndSDKV13" Hidden="no" Selected="yes" FriendlyName="Tools (1.4.1) and Windows 10 SDK (10.0.14393)" />
    <SelectableItemCustomization Id="XamarinVSCoreV5" Hidden="no" Selected="yes" FriendlyName="C#/.NET (Xamarin v4.1.1)" />
    <SelectableItemCustomization Id="XamarinPT_V1" Selected="yes" FriendlyName="Xamarin Preparation Tool" />
    <SelectableItemCustomization Id="AndroidNDKV1" Hidden="no" Selected="no" FriendlyName="Android Native Development Kit (R10E, 32 bits)" />
    <SelectableItemCustomization Id="AndroidNDK_32_V1" Hidden="no" Selected="no" FriendlyName="Android Native Development Kit (R10E, 32 bits)" />
    <SelectableItemCustomization Id="AndroidSDKV1" Hidden="no" Selected="no" FriendlyName="Android SDK" />
    <SelectableItemCustomization Id="AndroidSDK_API1921V1" Hidden="no" Selected="no" FriendlyName="Android SDK Setup (API Level 19 and 21)" />
    <SelectableItemCustomization Id="AndroidSDK_API22V1" Hidden="no" Selected="no" FriendlyName="Android SDK Setup (API Level 22)" />
    <SelectableItemCustomization Id="AndroidSDK_API23V1" Hidden="no" Selected="no" FriendlyName="Android SDK Setup (API Level 23)" />
    <SelectableItemCustomization Id="AntV1" Hidden="no" Selected="yes" FriendlyName="Apache Ant (1.9.3)" />
    <SelectableItemCustomization Id="JavaJDKV1" Hidden="no" Selected="no" FriendlyName="Java SE Development Kit (7.0.550.13)" />
    <SelectableItemCustomization Id="Node.jsV1" Hidden="no" Selected="yes" FriendlyName="Joyent Node.js" />
    <SelectableItemCustomization Id="WebSocket4NetV1" Hidden="no" Selected="yes" FriendlyName="WebSocket4Net" />
    <SelectableItemCustomization Id="GitHubVSV1" Hidden="no" Selected="yes" FriendlyName="GitHub Extension for Visual Studio" />
    <SelectableItemCustomization Id="Win10_VSToolsV13" Hidden="no" Selected="no" FriendlyName="Tools for Universal Windows Apps (1.4.1) and Windows 10 SDK (10.0.14393)" />
    <SelectableItemCustomization Id="Win10SDK_HiddenV1" Hidden="no" Selected="no" FriendlyName="Windows 10 SDK (10.0.10240)" />
    <SelectableItemCustomization Id="Win10SDK_HiddenV3" Hidden="no" Selected="no" FriendlyName="Windows 10 SDK (10.0.10586)" />
    <SelectableItemCustomization Id="Win10SDK_HiddenV4" Selected="no" FriendlyName="Windows 10 SDK (10.0.14393)" />
    <SelectableItemCustomization Id="JavaScript_HiddenV12" Selected="yes" FriendlyName="JavaScript Project System for Visual Studio" />
    <SelectableItemCustomization Id="MDDJSDependencyHiddenV1" Selected="yes" FriendlyName="MDDJSDependencyHidden" />
    <SelectableItemCustomization Id="AppInsightsToolsVisualStudioHiddenRTMV1" Selected="yes" FriendlyName="Application Insights Tools" />
    <SelectableItemCustomization Id="AppInsightsToolsVisualStudioHiddenVSU3RTMV1" Selected="yes" FriendlyName="Developer Analytics Tools v7.0.2" />
    <SelectableItemCustomization Id="BlissHidden" Selected="yes" FriendlyName="BlissHidden" />
    <SelectableItemCustomization Id="HelpHidden" Selected="yes" FriendlyName="HelpHidden" />
    <SelectableItemCustomization Id="JavaScript" Selected="yes" FriendlyName="JavascriptHidden" />
    <SelectableItemCustomization Id="NetFX4Hidden" Selected="yes" FriendlyName="NetFX4Hidden" />
    <SelectableItemCustomization Id="NetFX45Hidden" Selected="yes" FriendlyName="NetFX45Hidden" />
    <SelectableItemCustomization Id="NetFX451MTPackHidden" Selected="yes" FriendlyName="NetFX451MTPackHidden" />
    <SelectableItemCustomization Id="NetFX451MTPackCoreHidden" Selected="yes" FriendlyName="NetFX451MTPackCoreHidden" />
    <SelectableItemCustomization Id="NetFX452MTPackHidden" Selected="yes" FriendlyName="NetFX452MTPackHidden" />
    <SelectableItemCustomization Id="NetFX46MTPackHidden" Selected="yes" FriendlyName="NetFX46MTPackHidden" />
    <SelectableItemCustomization Id="PortableDTPHidden" Selected="yes" FriendlyName="PortableDTPHidden" />
    <SelectableItemCustomization Id="PreEmptiveDotfuscatorHidden" Selected="yes" FriendlyName="PreEmptiveDotfuscatorHidden" />
    <SelectableItemCustomization Id="PreEmptiveAnalyticsHidden" Selected="yes" FriendlyName="PreEmptiveAnalyticsHidden" />
    <SelectableItemCustomization Id="ProfilerHidden" Selected="yes" FriendlyName="ProfilerHidden" />
    <SelectableItemCustomization Id="RoslynLanguageServicesHidden" Selected="yes" FriendlyName="RoslynLanguageServicesHidden" />
    <SelectableItemCustomization Id="SDKTools3Hidden" Selected="yes" FriendlyName="SDKTools3Hidden" />
    <SelectableItemCustomization Id="SDKTools4Hidden" Selected="yes" FriendlyName="SDKTools4Hidden" />
    <SelectableItemCustomization Id="WCFDataServicesHidden" Selected="yes" FriendlyName="WCFDataServicesHidden" />
    <SelectableItemCustomization Id="VSUV1PreReqV1" Selected="no" FriendlyName="Visual Studio 2015 Update 1 Prerequisite" />
    <SelectableItemCustomization Id="MicroUpdateV3" Selected="no" FriendlyName="MicroUpdate 3.0 for Visual Studio 2015 Update 3" />
    <SelectableItemCustomization Id="NativeLanguageSupport_MFCV1" Hidden="no" Selected="no" FriendlyName="Microsoft Foundation Classes for C++" />
    <SelectableItemCustomization Id="FSharpV1" Hidden="no" Selected="no" FriendlyName="Visual F#" />
    <SelectableItemCustomization Id="PythonToolsForVisualStudioV6" Hidden="no" Selected="no" FriendlyName="Python Tools for Visual Studio (June 2016)" />
    <SelectableItemCustomization Id="ClickOnceV1" Hidden="no" Selected="no" FriendlyName="ClickOnce Publishing Tools" />
    <SelectableItemCustomization Id="SQLV1" Hidden="no" Selected="yes" FriendlyName="Microsoft SQL Server Data Tools" />
    <SelectableItemCustomization Id="SilverLight_Developer_KitV1" Hidden="no" Selected="no" FriendlyName="Silverlight Development Kit" />
    <SelectableItemCustomization Id="Win10_EmulatorV1" Selected="no" FriendlyName="Emulators for Windows 10 Mobile (10.0.10240)" />
    <SelectableItemCustomization Id="Win10_EmulatorV2" Selected="no" FriendlyName="Emulators for Windows 10 Mobile (10.0.10586)" />
    <SelectableItemCustomization Id="Win10_EmulatorV3" Hidden="no" Selected="no" FriendlyName="Emulators for Windows 10 Mobile (10.0.14393)" />
    <SelectableItemCustomization Id="MDDJSCoreV11" Hidden="no" Selected="no" FriendlyName="HTML/JavaScript (Apache Cordova) Update 10" />
    <SelectableItemCustomization Id="AndroidNDK11C_V1" Hidden="no" Selected="no" FriendlyName="Android Native Development Kit (R11C, 32 bits)" />
    <SelectableItemCustomization Id="AndroidNDK11C_32_V1" Hidden="no" Selected="no" FriendlyName="Android Native Development Kit (R11C, 32 bits)" />
    <SelectableItemCustomization Id="AndroidNDK11C_64_V1" Hidden="no" Selected="no" FriendlyName="Android Native Development Kit (R11C, 64 bits)" />
    <SelectableItemCustomization Id="AndroidNDK_64_V1" Hidden="no" Selected="no" FriendlyName="Android Native Development Kit (R10E, 64 bits)" />
    <SelectableItemCustomization Id="L_MDDCPlusPlus_iOS_V7" Hidden="no" Selected="no" FriendlyName="Visual C++ iOS Development (Update 3)" />
    <SelectableItemCustomization Id="L_MDDCPlusPlus_Android_V7" Hidden="no" Selected="no" FriendlyName="Visual C++ Android Development (Update 3)" />
    <SelectableItemCustomization Id="L_MDDCPlusPlus_ClangC2_V6" Hidden="no" Selected="no" FriendlyName="Clang with Microsoft CodeGen (July 2016)" />
    <SelectableItemCustomization Id="L_IncrediBuild_V1" Selected="no" FriendlyName="IncrediBuild" />
    <SelectableItemCustomization Id="VSEmu_AndroidV1.1.622.2" Hidden="no" Selected="no" FriendlyName="Microsoft Visual Studio Emulator for Android (July 2016)" />
    <SelectableItemCustomization Id="ToolsForWin81_WP80_WP81V1" Hidden="no" Selected="no" FriendlyName="Tools and Windows SDKs" />
    <SelectableItemCustomization Id="WindowsPhone81EmulatorsV1" Hidden="no" Selected="no" FriendlyName="Emulators for Windows Phone 8.1" />
    <SelectableItemCustomization Id="GitForWindowsx64V6" Hidden="no" Selected="yes" FriendlyName="Git for Windows" />
    <SelectableItemCustomization Id="GitForWindowsx86V6" Hidden="no" Selected="no" FriendlyName="Git for Windows" />
    <SelectableItemCustomization Id="VS_SDK_GroupV5" Hidden="no" Selected="no" FriendlyName="Visual Studio Extensibility Tools Update 3" />
    <SelectableItemCustomization Id="VS_SDK_Breadcrumb_GroupV5" Selected="no" FriendlyName="Visual Studio Extensibility Tools Update 3" />
    <SelectableItemCustomization Id="Win10SDK_HiddenV2" Selected="no" FriendlyName="Windows 10 SDK (10.0.10586)" />
    <SelectableItemCustomization Id="Win10SDK_VisibleV1" Hidden="no" Selected="no" FriendlyName="Windows 10 SDK 10.0.10240" />
    <SelectableItemCustomization Id="UWPPatch_KB3073097_HiddenV3" Selected="no" FriendlyName="KB3073097" />
    <SelectableItemCustomization Id="JavaScript_HiddenV1" Selected="no" FriendlyName="JavaScript Project System for Visual Studio" />
    <SelectableItemCustomization Id="AppInsightsToolsVSWinExpressHiddenVSU3RTMV1" Selected="no" FriendlyName="Developer Analytics Tools v7.0.2" />
    <SelectableItemCustomization Id="AppInsightsToolsVWDExpressHiddenVSU3RTMV1" Selected="no" FriendlyName="Developer Analytics Tools v7.0.2" />
    <SelectableItemCustomization Id="UWPStartPageV1" Selected="no" FriendlyName="Tools for Universal Windows Apps Getting Started Experience" />
  </SelectableItemCustomizations>
</AdminDeploymentCustomizations>